{
  "project_info": {
    "project_number": "273104737655",
    "project_id": "images-4725f",
    "storage_bucket": "images-4725f.appspot.com"
  },
  "client": [
    {
      "client_info": {
        "mobilesdk_app_id": "1:273104737655:android:50d3bb19e16f204c4cbd72",
        "android_client_info": {
          "package_name": "com.example.images"
        }
      },
      "oauth_client": [
        {
          "client_id": "273104737655-j85ior63ltu7cbtcqinls12b8ujks1ku.apps.googleusercontent.com",
          "client_type": 3
        }
      ],
      "api_key": [
        {
          "current_key": "AIzaSyCk4AfjVcu8NbQKjryWQ88y28ZC6MJ_pXA"
        }
      ],
      "services": {
        "appinvite_service": {
          "other_platform_oauth_client": [
            {
              "client_id": "273104737655-j85ior63ltu7cbtcqinls12b8ujks1ku.apps.googleusercontent.com",
              "client_type": 3
            }
          ]
        }
      }
    }
  ],
  "configuration_version": "1"
}